Species,Family,Life form,Origin
Alstroemeria aurea,Alstroemeriaceae,Herb,Native
Aristotelia chilensis,Eleocarpaceae,Understory tree,Native
Berberis buxifolia,Berberidaceae,Shrub,Native
Berberis darwinii,Berberidaceae,Shrub,Native
Calceolaria crenatiflora,Scrophulariaceae,Herb,Native
Cynanchum diemii,Asclepiadaceae,Vine,Native
Digitalis purpurea,Scrophulariaceae,Herb,Exotic
Gavilea odoratissima,Ochidaceae,Herb,Native
Maytenus chubutensis,Celastraceae,Shrub,Native
Mutisia decurrens,Asteraceae,Vine,Native
Rosa eglanteria,Rosaceae,Shrub,Exotic
Ribes magellanicum,Saxifragaceae,Shrub,Native
Schinus patagonicus,Anacardiaceae,Understory tree,Native
Tristerix corymbosus,Loranthaceae,Parasitic shrub,Native
Vicia nigricans,Leguminosae,Vine,Native
