Name,Family,Order
Thomisidae,Thomisidae,Araneae
Salpingidae,Salpingidae,Coleoptera
Anthaxia,Buprestidae,Coleoptera
Cantharidae,Cantharidae,Coleoptera
Coccinellidae1,Coccinellidae,Coleoptera
Coccinellidae2,Coccinellidae,Coleoptera
Curculionidae1,Curculionidae,Coleoptera
Curculionidae2,Curculionidae,Coleoptera
Nitidulidae,Nitidulidae,Coleoptera
Mordellidae,Mordellidae,Coleoptera
Staphilinidae,Staphilinidae,Coleoptera
Melyridae1,Melyridae,Coleoptera
Curculionidae,Curculionidae,Coleoptera
Coleoptera1,Unknown,Coleoptera
Torymidae,Torymidae,Coleoptera
Coleoptera2,Unknown,Coleoptera
Coleoptera3,Unknown,Coleoptera
Coleoptera4,Unknown,Coleoptera
Pedilidae,Pedilidae,Coleoptera
Coleoptera5,Unknown,Coleoptera
Melyridae2,Melyridae,Coleoptera
Coleoptera6,Unknown,Coleoptera
Coleoptera7,Unknown,Coleoptera
Coleoptera8,Unknown,Coleoptera
Coleoptera9,Unknown,Coleoptera
Acroceridae,Acroceridae,Diptera
Asilidae,Asilidae,Diptera
Phthiria,Bombilidae,Diptera
Phthiria1,Bombilidae,Diptera
Bombilidae,Bombilidae,Diptera
Sapromyza.Minettia,Lauxaniidae,Diptera
Trichophthalma amoena,Nemestrinidae,Diptera
Trichophthalma jaffueli,Nemestrinidae,Diptera
Phoridae1,Phoridae,Diptera
Phoridae2,Phoridae,Diptera
Sciaridae,Sciaridae,Diptera
Syrphus poecilogaster,Syrphidae,Diptera
Platycherius fenestratus,Syrphidae,Diptera
Scaeva melanostoma,Syrphidae,Diptera
Allograpta.Toxomerus,Syrphidae,Diptera
Platycheirus1,Syrphidae,Diptera
Ocyptamus melanorrhinus,Syrphidae,Diptera
Syrphus octomaculatus,Syrphidae,Diptera
Allograpta exotica,Syrphidae,Diptera
Tabanidae,Tabanidae,Diptera
Tachinidae,Tachinidae,Diptera
Diptera1,Unknown,Diptera
Diptera2,Unknown,Diptera
Diptera3,Unknown,Diptera
Diptera4,Unknown,Diptera
Diptera5,Unknown,Diptera
Diptera6,Unknown,Diptera
Diptera7,Unknown,Diptera
Diptera8,Unknown,Diptera
Diptera9,Unknown,Diptera
Diptera10,Unknown,Diptera
Diptera11,Unknown,Diptera
Diptera12,Unknown,Diptera
Diptera13,Unknown,Diptera
Diptera14,Unknown,Diptera
Heteroptera,Unknown,Heteroptera
Homoptera1,Unknown,Homoptera
Homoptera2,Unknown,Homoptera
Heterosarus,Andrenidae,Hymenoptera
Bombus dahlbomii,Apidae,Hymenoptera
Bombus ruderatus,Apidae,Hymenoptera
Chalepogenus caeruleus,Apidae,Hymenoptera
Manuelia gayi,Apidae,Hymenoptera
Manuelia postica,Apidae,Hymenoptera
Svastrides melanura,Apidae,Hymenoptera
Braconidae1,Braconidae,Hymenoptera
Braconidae2,Braconidae,Hymenoptera
Braconidae3,Braconidae,Hymenoptera
Chalcicoidea1,Chalcicoidea,Hymenoptera
Chalcicoidea2,Chalcicoidea,Hymenoptera
Colletes seminitidus,Colletidae,Hymenoptera
Diphaglosa gayi,Colletidae,Hymenoptera
Policana albopilosa,Colletidae,Hymenoptera
Diapriidae,Diapriidae,Hymenoptera
Hydrodynerus,Eumenidae,Hymenoptera
Camponotus,Formicidae,Hymenoptera
Formicidae1,Formicidae,Hymenoptera
Formicidae2,Formicidae,Hymenoptera
Formicidae3,Formicidae,Hymenoptera
Caenohalictus1,Halictidae,Hymenoptera
Caenohalictus2,Halictidae,Hymenoptera
Caenohalictus3,Halictidae,Hymenoptera
Chilicola1,Halictidae,Hymenoptera
Chilicola2,Halictidae,Hymenoptera
Chilicola3,Halictidae,Hymenoptera
Corynura prothysteres,Halictidae,Hymenoptera
Corynura,Halictidae,Hymenoptera
Evylaeus,Halictidae,Hymenoptera
Ruizantheda mutabilis,Halictidae,Hymenoptera
Ruizantheda nigrocaerulea,Halictidae,Hymenoptera
Ruizantheda proxima,Halictidae,Hymenoptera
Halictidae,Halictidae,Hymenoptera
Ichneumonidae1,Ichneumonidae,Hymenoptera
Ichneumonidae2,Ichneumonidae,Hymenoptera
Ichneumonidae3,Ichneumonidae,Hymenoptera
Ichneumonidae4,Ichneumonidae,Hymenoptera
Ichneumonidae5,Ichneumonidae,Hymenoptera
Ichneumonidae6,Ichneumonidae,Hymenoptera
Ichneumonidae7,Ichneumonidae,Hymenoptera
Megachile1,Megachilidae,Hymenoptera
Megachile2,Megachilidae,Hymenoptera
Sphecidae,Sphecidae,Hymenoptera
Tinnidae,Tinnidae,Hymenoptera
Torymidae1,Torymidae,Hymenoptera
Torymidae2,Torymidae,Hymenoptera
Vespidae,Vespidae,Hymenoptera
Vespula germanica,Vespidae,Hymenoptera
Hymenoptera1,Unknown,Hymenoptera
Hymenoptera2,Unknown,Hymenoptera
Hymenoptera3,Unknown,Hymenoptera
Hymenoptera4,Unknown,Hymenoptera
Hymenoptera5,Unknown,Hymenoptera
Hymenoptera6,Unknown,Hymenoptera
Hymenoptera7,Unknown,Hymenoptera
Hymenoptera8,Unknown,Hymenoptera
Hymenoptera9,Unknown,Hymenoptera
Hymenoptera10,Unknown,Hymenoptera
Hymenoptera11,Unknown,Hymenoptera
Lepidoptera12,Unknown,Lepidoptera
Lepidoptera,Unknown,Lepidoptera
Hesperiidae,Hesperiidae,Lepidoptera
Odonata,Unknown,Odonata
Sephanoides galeritus,Trochilidae,Trochiliformes
Unknown,Unknown,Unknown
